CREATE DATABASE IF NOT EXISTS `Erettsegi`
CHARACTER SET utf8 COLLATE utf8_general_ci;

USE `Erettsegi`;

CREATE TABLE IF NOT EXISTS `uzenetek` (
  `uzenetid` int(11) NOT NULL AUTO_INCREMENT PRIMARY KEY,
   `uzenet` varchar(100)  NOT NULL
) ENGINE=InnoDB DEFAULT CHARSET=utf8 COLLATE=utf8_hungarian_ci;

CREATE TABLE IF NOT EXISTS `vizsgazo` (
  `azon` int(11) unsigned NOT NULL,
   `nev` varchar(45)  NOT NULL,
  `osztaly` varchar(45)  NOT NULL,
  PRIMARY KEY (`azon`)
) ENGINE=InnoDB DEFAULT CHARSET=utf8 COLLATE=utf8_hungarian_ci;

INSERT INTO vizsgazo (azon, nev, osztaly) VALUES
(1, 'Borbás Ferenc', '11/B'),
(2, 'Sima Dezsõ', '11/C'),
(3, 'Lajos Lajos', '11/C'),
(4, 'Lant János', '12/D'),
(5, 'Fogó Róbert', '11/C'),
(6, 'Pisty Mihály', '12/D'),
(7, 'Déri Béla', '11/B'),
(8, 'Nikk Gábor', '12/B'),
(9, 'Budai Tamás', '12/A'),
(10, 'Bog Aladár', '12/A'),
(11, 'Bálint Gábor', '11/B'),
(12, 'Fekete Zsolt', '12/E'),
(13, 'Kisó Ábel', '10/D'),
(14, 'Hámori Frigyes', '10/C'),
(15, 'Kosztolányi András', '11/B'),
(16, 'Sebes Vilmos', '11/A'),
(17, 'Pölös Ágost', '12/A'),
(18, 'Szûcs Lóránt', '12/D'),
(19, 'Weisz Richárd', '11/B'),
(20, 'Tóth Zoltán', '10/E'),
(21, 'Pók Béla', '12/E'),
(22, 'Stabb Ottó', '9/A'),
(23, 'Füst Szabolcs', '12/C'),
(24, 'Budai Ferenc', '9/A'),
(25, 'Szósz György', '9/A'),
(26, 'Fenyves Attila', '12/B'),
(27, 'Ilkei Béla', '11/B'),
(28, 'Eszes Gyõzõ', '12/C'),
(29, 'Izsó Gusztáv', '12/C'),
(30, 'Mind Ákos', '9/C'),
(31, 'Davidov Szurázs', '12/A'),
(32, 'Kovács István', '12/E'),
(33, 'Halmos István', '9/C'),
(34, 'Hrisztov Temir', '10/B'),
(35, 'Holzi Ervin', '12/D'),
(36, 'Éger Imre', '10/C'),
(37, 'Budavári Bence', '9/D'),
(38, 'Korcsok Lajos', '12/E'),
(39, 'Vass István', '12/D'),
(40, 'Zerk Endre', '10/C'),
(41, 'Widek Zsolt', '10/B'),
(42, 'Jag Antal', '12/D'),
(43, 'Pusztai Tamás', '10/C'),
(44, 'Tóth József', '12/E'),
(45, 'Rém Elek', '12/A'),
(46, 'Orosz Pál', '10/C'),
(47, 'Varga József', '10/B'),
(48, 'Duma Árpád', '9/A'),
(49, 'Fazekas Tamás', '9/C'),
(50, 'Minek Pál', '12/E'),
(51, 'Szalma Sándor', '12/E'),
(52, 'Grúber Tamás', '11/B'),
(53, 'Zombori Ákos', '11/D'),
(54, 'Szõke Mátyás', '9/C'),
(55, 'Juhász Zsolt', '12/A'),
(56, 'Som Lajos', '9/A'),
(57, 'Kecskés László', '9/B'),
(58, 'Koródy Tamás', '12/E'),
(59, 'Vlad Igor', '12/E'),
(60, 'Károly Gusztáv', '12/B'),
(61, 'Kertész Nándor', '12/D'),
(62, 'Pintér Zoltán', '12/E'),
(63, 'Koch Péter', '9/C'),
(64, 'Sár Gábor', '10/E'),
(65, 'Berger Péter', '12/C'),
(66, 'Karlsen Ottó', '12/C'),
(67, 'Domonkos Zsolt', '10/A'),
(68, 'Szónok Balázs', '10/C'),
(69, 'Szõke Péter', '10/C'),
(70, 'Molnár Gergely', '11/B'),
(71, 'Kiss Sándor', '9/D'),
(72, 'Fehér Zoltán', '9/C'),
(73, 'Csordás Kálmán', '12/B'),
(74, 'Mach Mózes', '12/C'),
(75, 'Mike János', '10/B'),
(76, 'Mészáros Tibor', '10/E'),
(77, 'Bodnár Zoltán', '11/D'),
(78, 'Démon Endre', '11/A'),
(79, 'Farkas Béle', '9/D'),
(80, 'Kovács Pál', '10/E'),
(81, 'Spák Tamás', '9/A'),
(82, 'Hirzer Zsolt', '11/E'),
(83, 'Sebõ Tas', '11/E'),
(84, 'Dábity Ottó', '12/C'),
(85, 'Kremp Gusztáv', '11/A'),
(86, 'Kovács Gyõzõ', '9/A'),
(87, 'Lindh Karl', '12/E'),
(88, 'Nyíl Péter', '12/B'),
(89, 'Presszer Hugó', '9/E'),
(90, 'Monostori Péter', '12/A'),
(91, 'Pipás Gábor', '9/A'),
(92, 'Gömöri Vilmos', '12/D'),
(93, 'Bortoli Róbert', '11/C'),
(94, 'Szilágyi István', '9/C'),
(95, 'Hajas Attila', '12/A'),
(96, 'Szûcs Miklós', '11/E'),
(97, 'Szentei Igor', '12/B'),
(98, 'Jeszmás Gábor', '10/A'),
(99, 'Nagy László', '12/C'),
(100, 'Novák Tamás', '11/A');


CREATE TABLE IF NOT EXISTS `vizsgatargy` (
  `azon` int(11) unsigned NOT NULL,
   `nev` varchar(45)  NOT NULL,
  `szomax` int(11) unsigned NOT NULL,
  `irmax` int(11) unsigned NOT NULL,
  PRIMARY KEY (`azon`)
) ENGINE=InnoDB DEFAULT CHARSET=utf8 COLLATE=utf8_hungarian_ci;

INSERT INTO vizsgatargy (azon, nev, szomax, irmax) VALUES
(1, 'Magyar nyelv és irodalom', 50, 100),
(2, 'Történelem', 60, 90),
(3, 'Matematika', 35, 115),
(4, 'Informatika', 30, 120),
(5, 'Fizika', 50, 100),
(6, 'Kémia', 50, 100),
(7, 'Angol', 30, 120),
(8, 'Német', 30, 120),
(9, 'Földrajz', 50, 100),
(10, 'Biológia', 50, 100);




CREATE TABLE IF NOT EXISTS `vizsga` (
  `vizsgazoaz` int(11) unsigned NOT NULL,
  `vizsgatargyaz` int(11) unsigned NOT NULL,
  `szobeli` int(11) unsigned NOT NULL,
  `irasbeli` int(11) unsigned NOT NULL,
  FOREIGN KEY (vizsgazoaz) REFERENCES vizsgazo (azon),
  FOREIGN KEY (vizsgatargyaz) REFERENCES vizsgatargy (azon)
  
) ENGINE=InnoDB DEFAULT CHARSET=utf8 COLLATE=utf8_hungarian_ci;

INSERT INTO vizsga (vizsgazoaz, vizsgatargyaz, szobeli, irasbeli) VALUES
(1, 10, 26, 87),
(2, 6, 20, 23),
(3, 2, 27, 29),
(4, 3, 4, 15),
(5, 2, 8, 78),
(6, 1, 18, 8),
(7, 2, 53, 49),
(8, 5, 24, 57),
(9, 9, 5, 51),
(10, 8, 14, 21),
(11, 5, 6, 32),
(12, 6, 16, 70),
(13, 4, 4, 55),
(14, 1, 7, 62),
(15, 8, 17, 56),
(16, 9, 5, 79),
(17, 6, 18, 32),
(18, 2, 28, 39),
(19, 5, 39, 56),
(20, 7, 25, 12),
(21, 3, 22, 35),
(22, 2, 27, 82),
(23, 6, 41, 60),
(24, 6, 18, 34),
(25, 1, 19, 70),
(25, 7, 12, 92),
(26, 4, 17, 92),
(26, 8, 5, 8),
(27, 7, 25, 28),
(27, 10, 41, 93),
(28, 9, 33, 6),
(28, 3, 17, 54),
(29, 7, 16, 99),
(29, 6, 14, 13),
(30, 10, 34, 42),
(30, 9, 20, 7),
(31, 1, 49, 23),
(31, 9, 47, 84),
(32, 7, 6, 33),
(32, 2, 5, 58),
(33, 9, 23, 5),
(33, 3, 19, 67),
(34, 2, 53, 56),
(34, 3, 27, 59),
(35, 7, 4, 27),
(35, 4, 3, 104),
(36, 2, 33, 36),
(36, 8, 12, 32),
(37, 1, 44, 65),
(37, 10, 22, 70),
(38, 4, 21, 6),
(39, 6, 38, 64),
(40, 1, 6, 25),
(41, 3, 25, 95),
(42, 8, 28, 85),
(43, 8, 4, 67),
(44, 10, 34, 17),
(45, 3, 23, 81),
(46, 2, 26, 81),
(47, 10, 31, 90),
(48, 4, 20, 59),
(49, 8, 21, 98),
(50, 8, 3, 16),
(51, 8, 4, 43),
(52, 8, 28, 95),
(53, 6, 39, 6),
(54, 10, 44, 80),
(55, 8, 20, 69),
(56, 9, 15, 21),
(57, 8, 19, 76),
(58, 6, 46, 55),
(59, 2, 33, 31),
(60, 4, 25, 23),
(61, 3, 32, 97),
(62, 9, 18, 63),
(63, 2, 19, 85),
(64, 9, 15, 57),
(65, 5, 43, 91),
(66, 1, 40, 55),
(67, 2, 51, 96),
(68, 6, 7, 13),
(69, 4, 28, 42),
(70, 1, 47, 8),
(71, 1, 33, 30),
(72, 10, 9, 54),
(73, 4, 28, 54),
(74, 10, 18, 32),
(75, 2, 34, 54),
(76, 7, 17, 23),
(77, 6, 34, 94),
(77, 6, 18, 72),
(78, 4, 9, 76),
(78, 1, 4, 24),
(79, 1, 17, 82),
(79, 4, 27, 8),
(80, 8, 29, 62),
(80, 2, 9, 10),
(81, 10, 43, 33),
(81, 5, 5, 49),
(82, 2, 44, 60),
(82, 1, 31, 81),
(83, 3, 10, 59),
(83, 3, 33, 79),
(84, 8, 20, 34),
(84, 6, 20, 12),
(85, 7, 19, 24),
(85, 6, 36, 93),
(86, 7, 12, 27),
(86, 5, 11, 36),
(87, 4, 23, 72),
(87, 7, 16, 25),
(88, 1, 8, 39),
(88, 2, 18, 95),
(89, 7, 17, 88),
(90, 10, 38, 57),
(91, 5, 32, 6),
(92, 9, 11, 92),
(93, 5, 34, 39),
(94, 2, 36, 79),
(95, 7, 7, 60),
(96, 6, 22, 16),
(97, 8, 3, 20),
(98, 8, 16, 88),
(99, 9, 31, 41),
(100, 5, 26, 18);







